NotebookId,NotebookName,Notebook description,
45567,Training Requirements,<p>Drupal administrative: <br />In house change vs C3 change <br />Drupal basic administration (tbd)<br />Install and /or configure new / existing modules<br />Drupal new and enhanced reporting <br />Workflow and commit<br />Back up content<br />Back up code <br />Back up database</p>,
,,<p><br />Drupal content management<br />Content editing<br />Best practice <br />Edit or create new landing pages<br />Edit or create new templates<br />Edit or create HTML<br />Edit or create new links <br />Edit or create new forms<br />Upload assets (image, video<br />Trainees: (Remote)</p>
,,"<p>Irina Vasileva<br /><span style=\""line-height: 1.6;\"">Matthew Bucklin<br /></span><span style=\""line-height: 1.6;\"">Bobby Samanian<br /></span><span style=\""line-height: 1.6;\"">Robert Jennings</span></p>",
,,"<p>*<span style=\""line-height: 1.6;\"">We can only do Drupal training. </span><span style=\""line-height: 1.6;\"">The following we cannot train;</span></p>",
,,"<p>Pardot marketing automation integration <br />SEO and analytics integration reporting<br />Pantheon and Pardot integration<br />Pardont mailing list management and integration with database</p>""","""HTML"""
81027,"""Content Type Cleanup""",<p>Datasheets,"""<p>Here is what I recommend we doing to try and clean up some of the content types:</p>"
,,<p><strong>Remove the following fields:</strong></p>,
,,"<ul class=\""m_1181341298896917463MailOutline\"">","""<p><br />*Nexant Training Needs:</p>"
,,"<li><span style=\""text-decoration: underline;\"">Related Content (field_related_content_block)</span></li>",
,,<li><em>This is a field collection that has the following field bundled</em></li>,
,,<ul>,
,,"<li>Related Content Title (<span style=\""color: #b51a00;\"">Field can be removed</span>)</li>",
,,"<li>Related Nodes (<span style=\""color: #b51a00;\"">Field Can be removed as replaced by new field</span>)</li>",
,,"<li>Related Links (<span style=\""color: #77bb41;\"">Keep field for the ability to add external links for Blog Posts and Case Studies</span>)</li>",
,,"<li>CTA wysiwyg Editor (<span style=\""color: #77bb41;\"">Keep field for adding custom CTA callouts in sidebars for Blog Posts and Case Studies</span>)</li>",
,, Whitepapers, Ebooks</p>
,,"<li><span style=\""text-decoration: underline;\"">Related Information (field_related_content)</span></li>",
,,<ul>,
,,This is just a node reference field that should be removed.  however this has  not been done on production. Therefore I estimate restructuring the content types,
,,<li>Originally Nexant was going to retag all content,
,," we need to retag all content types to use the new \""Related Nodes\"" field and the New \""Related Services\"" fields. That will allowing us to remove the above listed fields.</li>",
,, and retagging content on live. This would take about 8-10 hours.</p>,
